Nom region,Sequence,Taille 3',Taille 5'
cg10743104,"GTGAATTAGGTTTGGAAGGGGATATAGGTTTGGCGATTAGACGGGTTATCGTTTGGTTCG
GTTTAATTTAATTGCGTACGTCGGTGGGTTATAGTATCGTAGCGTTGGATTTTCGGGTCG
GTAGAGGCGGATGGAGTTTAGTTTTTTTTTTAAAATTGTTAAAGTTATTCGGTTTGTTAA
ATTTTTTTATTAGTTAGTTTTGGG",25,30
cg23130254,"TTGGGGTAAAAGTGATATTGTTTAGGTTAAGGGATAGAGTTTTTGGTGTCGTCGGATCGC
GTTTTTTTCGGATAAGTCGAGAGGCGTCGGTTAATGGAAAATGTTTTCGTTGTAATTTAA
AGTCGGTAGAAGTAAGTCGGGTTTAGAAAGTTTGCGGAAAACGAATCGTAAAGTTAATTA
CGATTAAGAAGAGTTTTAGGGGATATTTGGGTAG",26,26
cg27425675,"TTTGTTGTATGTTTTTTTGGGATTTCGTTTTTTTTTTAAAAGGAGGCGGGGTCGGGGAGG
GGCGACGGACGGTTGTTTTGGAAATTTTGGATATTTTTAAAGCGTTAATTTTTATGGTGG
AGATTTATTAGTGTTTTTTTCGTTTTTTTAAATTTTGGTTGTTGGAAGGTT",24,24
cg16689634,"TATGGAATTTTTTTGGTTGGAGACGCGTTGGGCGCGGTTTTTTTATTTGGCGTTCGTGTT
TTGTTTGGTTTTGGGGTTGTTGTAGGTTATTAAGTTGTATTTGCGGAGGTAGCGGTTGTT
GCGGGATTTGCGTTTTTTTTTAGCGTTTTTTATTTATTGGTTTTTTGGGTA",22,26
cg01120165,"GTTTTTAGGTTTTTAGTTGGGTTGTTCGTTTCGTTTTTTATCGTGGGGTTTGTTTTCGTT
TTGATTTGTGTATTAGGTTTAGTTTTTTTTTCGAGGTTTCGCGGGTTGATAATCGTAGAT
ATTTTTGTTTTAGGTCGCGTTGTCGTAGGCGATTTAGGGTTGCGGTTAGGCGTTTAGGAC
GTTCGATTTCGTATTCGGGGTTGGGGTAGATGAGGAGTTTAGTTTAGAG",25,26
cg15284635,"TTTGGTTTAGTAGGTTAGTGGGTAGGGTCGCGGGAAGGACGGGCGTTGTAGGGGTTTCGC
GCGTTTAAGGTGTTCGCGGGTTTTCGGGTTTAGTCGGGTTGAGGTGGCGTGGGCGTTTTG
CGGGTCGGGTTTTCGCGGCGCGTTTTAGTTTTAGTTTTCGCGTTGGTTTGGTTCGGTTTT
TTAGTTTTATTTTTTGTTTTTTT",25,28
cg21494776,"GAAGGGGGTAGAGAGAGTTATGATTTCGAGAGGGCGTATAGATTAAGCGTGAGTTTTACG
CGGGTCGATAGATTTTTTTGTGTTTCGTTTTTAATTTTCGTTTTTTGTTTTTAGTTTGGA
GTTTCGCGTTTATAGTTTTGGTTTTCGGTTTTATCGTTGTTTTTGTAGGGATTTTTTTTA
TTG",25,26
cg07384961,"GAGGGGTAGAGATTTTGTTTTTGACGGTAGCGGGCGTGCGAATTTTAGGTTTGTTAGAGG
GGGGCGTTGGAGGTTGGGGTCGTTGGGTTCGTTTCGGGTTGGTAGACGTTTAGATTTATT
TAGGGTGAGGGCGTTAGGTTTAGGGTAGAATAGAGTTTGAGATTTCGTTTTATTATTTAA
GTAGCGCGGTGATATGGGGAATTTATTTAATTTT",23,25
